id,marked,time
220150001,0,0
220150002,0,0
220150003,0,0
220150004,0,0
220150005,0,0
220150006,0,0
220150007,0,0
220150008,0,0
220150009,0,0
220150010,0,0
220150011,0,0
220150012,0,0
220150013,0,0
220150014,0,0
220150015,0,0
220150016,0,0
220150017,0,0
220150018,0,0
220150019,0,0
220150020,0,0
220150021,0,0
220150022,0,0
220150023,0,0
220150024,0,0
220150025,0,0
220150026,0,0
220150027,0,0
220150028,0,0
220150029,0,0
220150030,0,0
220150031,0,0
220150032,0,0
220150033,0,0
220150034,0,0
220150035,0,0
